Marque,reporting+70,Trage,SEGMENT_MODOP,PVFP,CAYVP,NBSTIONS,NBVERSEURS,CAHVP,CAYVPUC,collecte,presta,PM actu,Unnamed: 13,Unnamed: 14,Unnamed: 15,Unnamed: 16,Unnamed: 17,Unnamed: 18,Unnamed: 19,Unnamed: 20
MMA Agents,1,+80ans,GP,88464.9487,12662330.2,48515,892,12513184.24,517376.45,13660069.3,10334094.4,92770307.0,,,,,,,,
MMA Agents,1,+80ans,PC,454440.3157,49055577.8,20654,603,49042121.8,2513895.53,50266868.9,41957563.4,358298237.0,,,,,,,,
MMA Agents,1,+80ans,PP,5494.495066,983894.24,962,26,980221.6,31120.0,1010300.03,592488.468,5631955.08,,,,,,,,
MMA Agents,0,0-30ans,GP,261955.6157,7797338.62,36202,2234,7460292.54,1431637.54,11005976.0,572871.432,158700236.0,,,,,,,,
MMA Agents,0,0-30ans,PC,921692.1788,14089488.6,4739,615,14001671.42,3406906.5,14631707.0,214858.34,293846607.0,,,,,,,,
MMA Agents,0,0-30ans,PP,8177.500766,399456.86,815,95,354884.42,124091.84,571468.103,2799.2843,5442188.32,,,,,,,,
MMA Agents,0,30-40ans,GP,486326.447,7938757.1,30309,1412,7549270.4,2105173.37,14373128.2,1916368.41,191858304.0,,,,,,,,
MMA Agents,0,30-40ans,PC,858730.1229,11968448.7,1505,239,11901954.9,3844073.9,12420528.1,689986.374,249869152.0,,,,,,,,
MMA Agents,0,30-40ans,PP,33539.61454,554779.52,287,64,504740.71,167815.15,864412.603,45406.6363,15121352.0,,,,,,,,
MMA Agents,1,40-50ans,GP,904036.3506,13059994.8,51814,2379,12345805.0,2832853.9,22063979.2,4186689.93,347045558.0,,,,,,,,
MMA Agents,1,40-50ans,PC,1856072.6,25950100.0,4489,784,25763550.0,7743272.9,27215536.1,4420807.64,584367223.0,,,,,,,,
MMA Agents,1,40-50ans,PP,110202.8625,1655285.92,1089,220,1550428.64,733489.21,2255295.02,319900.755,41937358.9,,,,,,,,
MMA Agents,0,50-60ans,GP,1204291.701,23798110.0,73818,3452,22659750.0,4257205.7,33018595.1,10684595.9,553434689.0,,,,,,,,
MMA Agents,0,50-60ans,PC,3908578.832,63569679.0,12424,1813,63128300.0,15578357.0,66630485.1,25173049.8,1384968773.0,,,,,,,,
MMA Agents,0,50-60ans,PP,123666.4389,3172906.5,1942,283,3066630.85,792035.69,3725909.31,830947.466,56296697.1,,,,,,,,
MMA Agents,0,60-70ans,GP,1137562.923,39730438.0,79810,2905,38952551.0,4676153.6,44863643.8,20224106.3,652500145.0,,,,,,,,
MMA Agents,0,60-70ans,PC,4686971.02,106806464.0,20191,2004,106511511.0,24400129.0,108689955.0,57429573.6,1837319792.0,,,,,,,,
MMA Agents,0,60-70ans,PP,67941.46527,2561263.2,1825,163,2518208.0,533200.02,2817946.6,873881.884,34542231.8,,,,,,,,
MMA Agents,1,70-75ans,GP,223801.8337,10937787.0,40217,946,10669409.0,1345861.4,12775039.5,7041606.25,153002499.0,,,,,,,,
MMA Agents,1,70-75ans,PC,1122629.789,34652902.0,12698,612,34600477.0,7437842.0,35809709.5,23183505.6,492867329.0,,,,,,,,
MMA Agents,1,70-75ans,PP,9003.42931,526258.53,841,45,524218.13,108111.91,540724.361,169789.22,4953299.02,,,,,,,,
MMA Agents,1,75-80ans,GP,82955.52452,6382374.1,24654,579,6193093.0,539438.4,6351186.28,3990428.82,63988609.9,,,,,,,,
MMA Agents,1,75-80ans,PC,325202.7547,16847160.0,8801,316,16835876.0,2503994.8,14891484.4,10601520.8,170676512.0,,,,,,,,
MMA Agents,1,75-80ans,PP,6026.586196,434667.45,459,18,430975.63,86848.33,424217.403,178279.406,3496113.2,,,,,,,,
MMA Banque,1,+80ans,PC,10578.52825,819396.66,6277,41,815908.86,0.0,860767.607,761826.28,5965970.21,,,,,,,,
MMA Banque,0,0-30ans,PC,0.0,0.0,13,0,0.0,0.0,0.0,0.0,0.0,,,,,,,,
MMA Banque,0,30-40ans,PC,0.0,0.0,68,0,0.0,0.0,0.0,0.0,0.0,,,,,,,,
MMA Banque,1,40-50ans,PC,0.0,0.0,163,0,0.0,0.0,0.0,0.0,0.0,,,,,,,,
MMA Banque,0,50-60ans,PC,4721.562733,99301.9,1566,8,98648.28,0.0,103940.804,51326.5481,2650570.06,,,,,,,,
MMA Banque,0,60-70ans,PC,1089.379112,19994.41,2989,17,16002.51,76.64,46961.6969,33228.0984,764337.66,,,,,,,,
MMA Banque,1,70-75ans,GP,0.0,0.0,1,0,0.0,0.0,0.0,0.0,0.0,,,,,,,,
MMA Banque,1,70-75ans,PC,8042.56108,344099.05,2107,14,343514.07,0.0,359701.851,285629.031,5146730.77,,,,,,,,
MMA Banque,1,75-80ans,PC,22.46889145,83806.5,1730,25,83741.1,0.0,43292.5862,34072.5966,538083.307,,,,,,,,
MMA CAP,1,+80ans,GP,3908.759746,62416.97,3278,8,11835.64,269.1,256589.264,140285.892,1045532.67,,,,,,,,
MMA CAP,1,+80ans,PC,-61944.68185,12648417.2,11137,415,12591498.73,1008082.28,13417353.1,10539174.8,94029040.4,,,,,,,,
MMA CAP,0,0-30ans,GP,7256.89388,35861.5,4009,60,32235.46,4068.52,168533.117,38203.5475,900013.234,,,,,,,,
MMA CAP,0,0-30ans,PC,507705.0177,6295203.39,8269,811,6095940.71,2430482.61,7498381.01,125346.793,142443510.0,,,,,,,,
MMA CAP,0,30-40ans,GP,21278.58064,14732.91,3254,28,11955.23,1873.01,361462.934,112167.704,555074.461,,,,,,,,
MMA CAP,0,30-40ans,PC,492859.9775,5641439.4,3890,415,5531701.9,2483211.74,6343166.02,354440.73,125378216.0,,,,,,,,
MMA CAP,1,40-50ans,GP,48620.52051,88682.19,8176,132,32208.67,9889.5,1070455.96,285561.864,7304676.67,,,,,,,,
MMA CAP,1,40-50ans,PC,1104078.941,10296543.6,10771,1451,9971892.1,5111521.2,12436058.1,2077461.44,268067175.0,,,,,,,,
MMA CAP,0,50-60ans,GP,75966.7737,460859.79,14113,174,52599.09,6319.05,3237413.91,937283.088,36578471.0,,,,,,,,
MMA CAP,0,50-60ans,PC,2665675.52,30172594.0,25402,3326,29521216.0,14506726.2,34415380.2,12480337.6,702185365.0,,,,,,,,
MMA CAP,0,60-70ans,GP,55908.13556,473280.77,9387,65,93296.59,1154.83,2646811.11,968743.573,20963938.8,,,,,,,,
MMA CAP,0,60-70ans,PC,2647491.526,41885671.0,22650,2117,41399280.0,19622433.0,44943683.2,23652340.9,762203509.0,,,,,,,,
MMA CAP,1,70-75ans,GP,23936.62133,236657.02,4086,15,22670.49,10707.95,1353025.42,579482.308,8842915.39,,,,,,,,
MMA CAP,1,70-75ans,PC,540638.8706,13084966.0,9327,581,12980002.0,6115269.3,14230960.2,8949117.69,196992405.0,,,,,,,,
MMA CAP,1,75-80ans,GP,15975.90607,225057.68,2557,7,27826.38,15892.55,908355.464,418537.01,4972070.24,,,,,,,,
MMA CAP,1,75-80ans,PC,134480.3733,7243365.0,5663,359,7171154.0,3046219.9,6511370.58,4629844.17,73094004.7,,,,,,,,
MMA Courtage,1,+80ans,GP,10667.5674,612936.78,2053,5,606609.0,0.0,669303.47,516346.712,4666089.09,,,,,,,,
MMA Courtage,1,+80ans,PC,124693.6435,31869475.4,12000,428,31826203.7,4622412.37,32845017.3,24869924.3,207622465.0,,,,,,,,
MMA Courtage,1,+80ans,PP,0.0,0.0,1,0,0.0,0.0,0.0,0.0,0.0,,,,,,,,
MMA Courtage,0,0-30ans,GP,674.5173298,0.1,8,0,0.0,0.0,20850.3104,6942.95454,9.09143477,,,,,,,,
MMA Courtage,0,0-30ans,PC,2357331.254,72774875.8,6377,889,72423749.83,18160965.9,74505835.1,449348.199,1340730894.0,,,,,,,,
MMA Courtage,0,30-40ans,GP,10885.87569,0.1,8,0,0.0,0.0,283963.014,94559.4912,9.01044952,,,,,,,,
MMA Courtage,0,30-40ans,PC,854562.0858,21817943.0,7843,1331,21075645.0,9892173.2,25251436.1,799308.758,345014067.0,,,,,,,,
MMA Courtage,1,40-50ans,GP,15890.37724,97.71,50,0,0.0,0.0,388124.897,129162.622,13147.3444,,,,,,,,
MMA Courtage,1,40-50ans,PC,1934043.498,42899843.0,17036,2143,41947953.0,20869008.0,48225540.2,4511803.16,723044895.0,,,,,,,,
MMA Courtage,0,50-60ans,GP,9407.086049,3651.82,182,0,0.0,0.0,302507.664,101705.633,402162.219,,,,,,,,
MMA Courtage,0,50-60ans,PC,3656852.073,87307752.0,28629,2991,86217564.0,40522604.0,93575474.4,21211595.0,1433014382.0,,,,,,,,
MMA Courtage,0,50-60ans,PP,0.0,0.0,1,0,0.0,0.0,0.0,0.0,0.0,,,,,,,,
MMA Courtage,0,60-70ans,GP,12616.95251,277703.7,212,2,275000.0,18750.0,341913.247,181355.065,4303196.37,,,,,,,,
MMA Courtage,0,60-70ans,PC,4434601.858,132473205.0,25785,2296,131746357.0,47219128.0,136526027.0,56829855.6,1974813180.0,,,,,,,,
MMA Courtage,1,70-75ans,GP,116.7809919,2212.62,142,0,0.0,0.0,14653.7164,8834.8513,132420.066,,,,,,,,
MMA Courtage,1,70-75ans,PC,979109.6899,35159177.0,10175,546,35050914.0,13804343.0,36948326.4,20793692.8,459459067.0,,,,,,,,
MMA Courtage,1,70-75ans,PP,0.0,0.0,1,0,0.0,0.0,0.0,0.0,0.0,,,,,,,,
MMA Courtage,1,75-80ans,GP,1440.270575,90334.5,175,2,90000.0,0.0,54731.8131,35784.0153,572530.744,,,,,,,,
MMA Courtage,1,75-80ans,PC,512026.2995,22880094.0,6244,263,22818803.0,10723850.0,21161094.6,13220690.2,224843088.0,,,,,,,,
MMA Courtage,1,75-80ans,PP,0.0,0.0,1,0,0.0,0.0,0.0,0.0,0.0,,,,,,,,
MAAF,1,+80ans,Ex PC,6963.166794,1150209.19,2026,49,1140934.12,2668.0,1202149.26,734734.137,8299827.91,,,,,,,,
MAAF,1,+80ans,GP,33854.71839,4104686.52,16589,504,3958524.07,93314.12,4859822.73,3618578.64,40441282.8,,,,,,,,
MAAF,1,+80ans,PC,362423.0452,38885743.7,16619,726,38828550.3,949459.51,39176281.0,34549533.3,365159672.0,,,,,,,,
MAAF,1,+80ans,PP,1810.777842,234085.27,300,9,232321.17,1799.2,243854.6,176504.876,2096751.83,,,,,,,,
MAAF,0,0-30ans,Ex PC,12400.27674,245292.42,1140,59,222748.42,42120.28,410438.779,5840.79405,4292970.37,,,,,,,,
MAAF,0,0-30ans,GP,288089.2531,9533068.33,38896,3226,8396682.94,1001177.19,17722003.0,247660.657,288208341.0,,,,,,,,
MAAF,0,0-30ans,PC,634584.7717,8089292.94,7715,737,7990722.39,1915919.12,8816574.98,186325.219,200118129.0,,,,,,,,
MAAF,0,0-30ans,PP,60755.11549,1480015.9,6803,485,1315715.2,311541.62,2689533.2,34008.3203,38066932.7,,,,,,,,
MAAF,0,30-40ans,Ex PC,10461.69568,590862.49,997,44,575024.0,45974.23,698080.979,16450.6107,6055586.63,,,,,,,,
MAAF,0,30-40ans,GP,430193.2862,6711334.39,51979,2081,5171552.9,1161784.26,17026705.0,936615.208,258053626.0,,,,,,,,
MAAF,0,30-40ans,PC,771824.7324,9652058.76,3527,394,9547289.67,2694494.3,10399653.0,625081.531,213813227.0,,,,,,,,
MAAF,0,30-40ans,PP,143700.954,1585842.35,3785,306,1307958.18,402577.71,3610593.99,232715.38,59371431.9,,,,,,,,
MAAF,1,40-50ans,Ex PC,11403.15,389805.71,1059,34,370849.65,49872.64,528611.019,36849.1153,5526571.5,,,,,,,,
MAAF,1,40-50ans,GP,746029.7014,11251657.9,79670,2819,9208696.49,1620997.44,25303676.0,3262835.15,396727936.0,,,,,,,,
MAAF,1,40-50ans,PC,2027544.358,21505685.1,7704,873,21156888.71,6794313.18,24033680.9,3982377.66,522242238.0,,,,,,,,
MAAF,1,40-50ans,PP,390350.44,4068722.61,11397,793,3345817.1,1017561.67,9318032.98,1390261.76,152354297.0,,,,,,,,
MAAF,0,50-60ans,Ex PC,21268.56961,727303.28,1573,54,686100.79,43298.0,1022407.28,147255.818,11119196.6,,,,,,,,
MAAF,0,50-60ans,GP,1093964.304,16335312.6,87206,3721,13705396.85,2564725.27,35240849.0,9903498.97,561504312.0,,,,,,,,
MAAF,0,50-60ans,PC,5735887.186,62552412.7,18344,2339,61755600.54,20636803.3,68601025.8,25306380.2,1501662005.0,,,,,,,,
MAAF,0,50-60ans,PP,587549.5262,7788442.26,16505,1188,6895698.93,1963813.26,14426657.0,4230369.75,235668722.0,,,,,,,,
MAAF,0,60-70ans,Ex PC,35266.1921,751313.68,2130,67,724553.0,228030.15,949029.398,296921.176,11147797.9,,,,,,,,
MAAF,0,60-70ans,GP,665779.0058,17406787.8,65580,2993,16072540.56,2238019.09,26790137.0,11321371.3,391225182.0,,,,,,,,
MAAF,0,60-70ans,NC,1537103.938,0.0,4,0,0.0,0.0,22970475.1,4314370.74,0.0,,,,,,,,
MAAF,0,60-70ans,PC,7806481.798,110014557.0,31308,3213,109444257.3,36891128.6,114259992.0,65981935.3,2166622806.0,,,,,,,,
MAAF,0,60-70ans,PP,406224.4518,8792257.05,15969,1075,8400169.22,2493206.38,11602436.0,4659186.62,164336369.0,,,,,,,,
MAAF,1,70-75ans,Ex PC,2390.221853,154261.23,1076,20,147601.63,6440.0,198771.676,73010.6091,1800692.5,,,,,,,,
MAAF,1,70-75ans,GP,217547.2784,7785451.76,22801,896,7438254.05,1056208.03,10131734.3,5928827.49,135910875.0,,,,,,,,
MAAF,1,70-75ans,PC,2251431.93,46039877.2,18804,1280,45889014.19,13629447.4,47101424.4,33379199.9,751472184.0,,,,,,,,
MAAF,1,70-75ans,PP,103045.5214,3734478.93,7350,379,3619718.22,715520.04,4523554.74,2365254.0,56782897.3,,,,,,,,
MAAF,1,75-80ans,Ex PC,6590.75558,598547.57,760,17,593562.73,10000.0,629344.875,370298.987,6630290.89,,,,,,,,
MAAF,1,75-80ans,GP,47939.5106,2780117.42,12095,381,2618073.19,243689.45,3795865.0,2427932.44,41468189.8,,,,,,,,
MAAF,1,75-80ans,PC,571414.4848,18700439.6,10659,485,18647179.36,3788317.69,19055858.4,14903608.0,254602309.0,,,,,,,,
MAAF,1,75-80ans,PP,20437.97819,968851.26,3155,120,937455.24,155896.38,1161638.65,701156.353,12563797.8,,,,,,,,
MAAF,0,0-30ans,NC,270250.8891,0.0,0,0,0.0,0.0,3764162.02,1030251.1,0.0,,,,,,,,
MAAF,0,30-40ans,NC,392757.3842,0.0,0,0,0.0,0.0,5462517.02,1495090.84,0.0,,,,,,,,
MAAF,1,40-50ans,NC,477589.1808,0.0,0,0,0.0,0.0,6622334.03,1812532.9,0.0,,,,,,,,
MAAF,0,50-60ans,NC,460335.8815,0.0,0,0,0.0,0.0,6342580.03,1735964.22,0.0,,,,,,,,
MAAF,1,70-75ans,NC,0.0,0.0,0,0,0.0,0.0,0.0,0.0,0.0,,,,,,,,
GMF,1,+80ans,GP,173320.8722,26724420.1,115359,2240,26556570.07,124196.0,27642571.2,25217200.2,252688227.0,,,,,,,,
GMF,1,+80ans,PC,669568.4361,87853309.3,60430,1968,87821091.33,1260212.63,88191517.3,87918258.0,823384803.0,,,,,,,,
GMF,1,+80ans,PP,19486.00492,1995086.34,4657,124,1989235.74,72577.0,2026900.48,1759272.3,20454871.7,,,,,,,,
GMF,0,0-30ans,GP,940995.0229,28341058.4,56878,6647,27962562.66,2284196.23,30933905.6,618155.85,544173332.0,,,,,,,,
GMF,0,0-30ans,PC,513473.7974,9886726.53,697,163,9884326.53,776687.8,9923876.79,363917.95,227911460.0,,,,,,,,
GMF,0,0-30ans,PP,40888.00361,1053284.62,991,165,1048634.62,180021.5,1083005.29,13400.831,16781934.7,,,,,,,,
GMF,0,30-40ans,GP,878002.0026,23407890.8,35517,3389,23061200.31,1932747.88,25743609.7,1597483.5,468346657.0,,,,,,,,
GMF,0,30-40ans,PC,1027936.513,16674932.3,1379,334,16673292.28,2001603.4,16719121.5,1561779.3,395240375.0,,,,,,,,
GMF,0,30-40ans,PP,101221.0937,2684777.6,2675,240,2665555.4,364878.91,2809911.58,146993.5,45558963.2,,,,,,,,
GMF,1,40-50ans,GP,1054521.64,23591300.7,34977,3158,23147841.43,2296211.13,26678715.3,4387535.0,527471032.0,,,,,,,,
GMF,1,40-50ans,PC,1843820.419,26488441.0,3277,658,26469022.99,3843720.6,26694682.8,6091647.9,672986075.0,,,,,,,,
GMF,1,40-50ans,PP,252091.7842,5664161.25,6757,605,5535109.15,757468.6,6503452.45,938463.6,114276688.0,,,,,,,,
GMF,0,50-60ans,GP,1647473.823,38144371.3,54502,3779,37164725.8,3274729.06,49818541.0,17948921.0,928146253.0,,,,,,,,
GMF,0,50-60ans,PC,4933297.247,80445851.8,11685,1895,80286617.03,10971277.0,81891537.4,41005339.0,1975162452.0,,,,,,,,
GMF,0,50-60ans,PP,689901.0438,15567206.1,15548,1583,15303998.77,1976160.88,17402647.8,6319495.3,331499150.0,,,,,,,,
GMF,0,60-70ans,GP,2155290.401,61464991.1,115470,5394,59645557.55,5862585.57,83119158.7,47290395.0,1327745210.0,,,,,,,,
GMF,0,60-70ans,PC,9213670.582,191213012.0,49118,4792,191002493.0,30210538.6,193230794.0,142201203.0,3993811690.0,,,,,,,,
GMF,0,60-70ans,PP,1523861.291,44971919.1,47370,4228,44534436.81,5762732.55,48088621.2,26762500.0,825784484.0,,,,,,,,
GMF,1,70-75ans,GP,634261.1343,25894071.5,70436,2467,25141608.62,1822776.93,33927739.7,23813823.0,455058139.0,,,,,,,,
GMF,1,70-75ans,PC,2722039.441,80731614.2,36995,2181,80675180.6,11278710.6,81287163.6,70355846.0,1402986435.0,,,,,,,,
GMF,1,70-75ans,PP,393859.907,16300631.6,21448,1503,16187600.52,1750743.51,17093500.6,11919579.0,256819032.0,,,,,,,,
GMF,1,75-80ans,GP,249636.0807,17203630.1,55304,1949,16999340.53,859921.72,18694798.7,15312060.6,237497724.0,,,,,,,,
GMF,1,75-80ans,PC,906348.7047,40517084.7,24435,1161,40488384.51,4265246.46,40783763.5,38589847.0,586177928.0,,,,,,,,
GMF,1,75-80ans,PP,41424.88882,2627894.78,3734,205,2617829.42,197480.0,2693313.08,2117514.7,34149306.0,,,,,,,,
GMF,0,0-30ans,NC,332222.2515,0.0,0,0,0.0,0.0,4943961.87,1057098.0,0.0,,,,,,,,
GMF,0,30-40ans,NC,483025.3893,0.0,0,0,0.0,0.0,8452204.04,2063769.0,0.0,,,,,,,,
GMF,1,40-50ans,NC,505744.5631,0.0,0,0,0.0,0.0,8255504.56,1908008.0,0.0,,,,,,,,
GMF,0,50-60ans,NC,352768.4924,0.0,0,0,0.0,0.0,5680055.74,1266661.0,0.0,,,,,,,,
GMF,0,60-70ans,NC,97800.23258,0.0,0,0,0.0,0.0,1250115.83,190391.1,0.0,,,,,,,,
GMF,1,70-75ans,NC,13174.83996,0.0,0,0,0.0,0.0,164606.346,20804.94,0.0,,,,,,,,
GMF,1,75-80ans,NC,0.0,0.0,0,0,0.0,0.0,0.0,0.0,0.0,,,,,,,,
DAV,1,+80ans,GP,310216.866436,44166790.57,185794,3649,43646723.019999996,735155.6699999999,47088355.964,39826505.844,391611438.56,,,,,,,,
DAV,1,+80ans,PC,1559759.2869,221131920.06,127117,4181,220925374.72,10354062.32,224757805.20700002,200596280.07999998,1854460187.6100001,,,,,,,,
DAV,1,+80ans,PP,26791.277828,3213065.85,5920,159,3201778.51,105496.2,3281055.1100000003,2528265.6440000003,28183578.61,,,,,,,,
DAV,0,0-30ans,GP,1498971.3029097999,45707326.95,135993,12167,43851773.6,4721079.48,59851268.0274,1483834.44104,991981931.3254348,,,,,,,,
DAV,0,0-30ans,PC,4934787.0196,111135587.25999999,27810,3215,110396410.88,26690961.93,115376374.88,1339796.5010000002,2205050600.0,,,,,,,,
DAV,0,0-30ans,PP,109820.619866,2932757.38,8609,745,2719234.24,615654.96,4344006.593,50208.4356,60291055.72,,,,,,,,
DAV,0,30-40ans,GP,1826686.1921299999,38072715.3,121067,6910,35793978.84,5201578.52,57788868.848000005,4657194.3132,918813670.4714495,,,,,,,,
DAV,0,30-40ans,PC,4005913.4316,65754822.16,18212,2713,64729883.75,20915556.54,71133904.72,4030596.693,1329315037.0,,,,,,,,
DAV,0,30-40ans,PP,278461.66224,4825399.470000001,6747,610,4478254.29,935271.77,7284918.173,425115.5163,120051747.10000001,,,,,,,,
DAV,1,40-50ans,GP,2769098.58975,47991733.3,174687,8488,44734551.59,6759951.97,75504951.357,12251784.566,1278562350.0144,,,,,,,,
DAV,1,40-50ans,PC,8765559.816,127140612.69999999,43440,5909,125309306.8,44361835.88,138605498.10000002,21084097.8,2770707606.0,,,,,,,,
DAV,1,40-50ans,PP,752645.0867,11388169.78,19243,1618,10431354.89,2508519.48,18076780.45,2648626.115,308568343.9,,,,,,,,
DAV,0,50-60ans,GP,4031103.6877490003,78742305.50999999,229821,11126,73582471.74,10102979.08,121617906.674,39576004.591,2080065887.2189999,,,,,,,,
DAV,0,50-60ans,PC,20905012.420733,324147591.40000004,98050,12372,321007945.85,102215767.5,345217843.704,125228028.1481,6999643547.059999,,,,,,,,
DAV,0,50-60ans,PP,1401117.0088999998,26528554.86,33996,3054,25266328.549999997,4732009.83,35555214.11,11380812.515999999,623464569.1,,,,,,,,
DAV,0,60-70ans,GP,4027157.41787,119353201.37,270459,11359,115038945.7,12796663.09,157761663.857,79985971.238,2396737672.17,,,,,,,,
DAV,0,60-70ans,PC,28790306.163112,582412903.41,152041,14439,580119900.81,158343433.84,597697412.8968999,346128136.4984,10735535314.66,,,,,,,,
DAV,0,60-70ans,PP,1998027.20807,56325439.35,65164,5466,55452814.03,8789138.95,62509003.800000004,32295568.504,1024663084.8,,,,,,,,
DAV,1,70-75ans,GP,1099663.6487219,44856179.9,137683,4324,43271942.16,4235554.31,58202192.6364,37372573.8993,752946848.456,,,,,,,,
DAV,1,70-75ans,PC,7623892.281579999,210012635.45,90106,5214,209539101.85999998,52265612.300000004,215737285.951,156946991.021,3308924150.77,,,,,,,,
DAV,1,70-75ans,PP,505908.85771,20561369.06,29640,1927,20331536.87,2574375.46,22157779.701,14454622.22,318555228.32,,,,,,,,
DAV,1,75-80ans,GP,397947.292465,26681513.8,94785,2918,25928333.1,1658942.12,29804937.2571,22184742.8853,348499124.684,,,,,,,,
DAV,1,75-80ans,PC,2449495.08589145,106271949.80000001,57532,2609,106045137.97,24327628.85,102446864.0662,81979582.7666,1309931925.007,,,,,,,,
DAV,1,75-80ans,PP,67889.453206,4031413.4899999998,7349,343,3986260.29,440224.71,4279169.132999999,2996950.4590000003,50209217.0,,,,,,,,
DAV,1,+80ans,Ex PC,6963.166794,1150209.19,2026,49,1140934.12,2668.0,1202149.26,734734.137,8299827.91,,,,,,,,
DAV,0,0-30ans,Ex PC,12400.27674,245292.42,1140,59,222748.42,42120.28,410438.779,5840.79405,4292970.37,,,,,,,,
DAV,0,30-40ans,Ex PC,10461.69568,590862.49,997,44,575024.0,45974.23,698080.979,16450.6107,6055586.63,,,,,,,,
DAV,1,40-50ans,Ex PC,11403.15,389805.71,1059,34,370849.65,49872.64,528611.019,36849.1153,5526571.5,,,,,,,,
DAV,0,50-60ans,Ex PC,21268.56961,727303.28,1573,54,686100.79,43298.0,1022407.28,147255.818,11119196.6,,,,,,,,
DAV,0,60-70ans,Ex PC,35266.1921,751313.68,2130,67,724553.0,228030.15,949029.398,296921.176,11147797.9,,,,,,,,
DAV,0,60-70ans,NC,1634904.1705800002,0.0,4,0,0.0,0.0,24220590.93,4504761.84,0.0,,,,,,,,
DAV,1,70-75ans,Ex PC,2390.221853,154261.23,1076,20,147601.63,6440.0,198771.676,73010.6091,1800692.5,,,,,,,,
DAV,1,75-80ans,Ex PC,6590.75558,598547.57,760,17,593562.73,10000.0,629344.875,370298.987,6630290.89,,,,,,,,
DAV,0,0-30ans,NC,602473.1406,0.0,0,0,0.0,0.0,8708123.89,2087349.1,0.0,,,,,,,,
DAV,0,30-40ans,NC,875782.7734999999,0.0,0,0,0.0,0.0,13914721.059999999,3558859.84,0.0,,,,,,,,
DAV,1,40-50ans,NC,983333.7439,0.0,0,0,0.0,0.0,14877838.59,3720540.9,0.0,,,,,,,,
DAV,0,50-60ans,NC,813104.3739,0.0,0,0,0.0,0.0,12022635.77,3002625.2199999997,0.0,,,,,,,,
DAV,1,70-75ans,NC,13174.83996,0.0,0,0,0.0,0.0,164606.346,20804.94,0.0,,,,,,,,
DAV,1,75-80ans,NC,0.0,0.0,0,0,0.0,0.0,0.0,0.0,0.0,,,,,,,,
MMA,1,+80ans,GP,103041.27584599999,13337683.95,53846,905,13131628.88,517645.55,14585962.034000002,10990727.003999999,98481928.76,,,,,,,,
MMA,1,+80ans,PC,527767.8056,94392867.06,50068,1487,94275733.09,8144390.18,97390006.907,78128488.78,665915712.61,,,,,,,,
MMA,1,+80ans,PP,5494.495066,983894.24,963,26,980221.6,31120.0,1010300.03,592488.468,5631955.08,,,,,,,,
MMA,0,0-30ans,GP,269887.0269098,7833200.22,40219,2294,7492528.0,1435706.06,11195359.4274,618017.93404,159600258.32543477,,,,,,,,
MMA,0,0-30ans,PC,3786728.4505000003,93159567.78999999,19398,2315,92521361.96,23998355.009999998,96635923.10999998,789553.332,1777021011.0,,,,,,,,
MMA,0,0-30ans,PP,8177.500766,399456.86,815,95,354884.42,124091.84,571468.103,2799.2843,5442188.32,,,,,,,,
MMA,0,30-40ans,GP,518490.90333,7953490.109999999,33571,1440,7561225.630000001,2107046.38,15018554.148,2123095.6051999996,192413387.47144952,,,,,,,,
MMA,0,30-40ans,PC,2206152.1862,39427831.1,13306,1985,38509301.8,16219458.84,44015130.22,1843735.862,720261435.0,,,,,,,,
MMA,0,30-40ans,PP,33539.61454,554779.52,287,64,504740.71,167815.15,864412.603,45406.6363,15121352.0,,,,,,,,
MMA,1,40-50ans,GP,968547.2483499999,13148774.700000001,60040,2511,12378013.67,2842743.4,23522560.057,4601414.416,354363382.0144,,,,,,,,
MMA,1,40-50ans,PC,4894195.039,79146486.6,32459,4378,77683395.1,33723802.1,87877134.4,11010072.24,1575479293.0,,,,,,,,
MMA,1,40-50ans,PP,110202.8625,1655285.92,1089,220,1550428.64,733489.21,2255295.02,319900.755,41937358.9,,,,,,,,
MMA,0,50-60ans,GP,1289665.560749,24262621.61,88113,3626,22712349.09,4263524.75,36558516.674,11723584.621,590415322.219,,,,,,,,
MMA,0,50-60ans,PC,10235827.987732999,181149326.9,68021,8138,178965728.28,70607687.2,194725280.504,58916308.9481,3522819090.06,,,,,,,,
MMA,0,50-60ans,PP,123666.4389,3172906.5,1943,283,3066630.85,792035.69,3725909.31,830947.466,56296697.1,,,,,,,,
MMA,0,60-70ans,GP,1206088.01107,40481422.470000006,89409,2972,39320847.59,4696058.43,47852368.157,21374204.938,677767280.17,,,,,,,,
MMA,0,60-70ans,PC,11770153.783112,281185334.40999997,71615,6434,279673150.51,91241766.64,290206626.8969,137944998.1984,4575100818.66,,,,,,,,
MMA,0,60-70ans,PP,67941.46527,2561263.2,1825,163,2518208.0,533200.02,2817946.6,873881.884,34542231.8,,,,,,,,
MMA,1,70-75ans,GP,247855.2360219,11176656.639999999,44446,961,10692079.49,1356569.3499999999,14142718.6364,7629923.4093,161977834.456,,,,,,,,
MMA,1,70-75ans,PC,2650420.91058,83241144.05,34307,1753,82974907.07,27357454.3,87348697.951,53211945.12100001,1154465531.77,,,,,,,,
MMA,1,70-75ans,PP,9003.42931,526258.53,842,45,524218.13,108111.91,540724.361,169789.22,4953299.02,,,,,,,,
MMA,1,75-80ans,GP,100371.701165,6697766.279999999,27386,588,6310919.38,555330.9500000001,7314273.5571,4444749.8453,69533210.884,,,,,,,,
MMA,1,75-80ans,PC,971731.89639145,47054425.5,22438,963,46909574.1,16274064.7,42607242.166200005,28486127.766599998,469151688.007,,,,,,,,
MMA,1,75-80ans,PP,6026.586196,434667.45,460,18,430975.63,86848.33,424217.403,178279.406,3496113.2,,,,,,,,
